[
 {
   "index": 1,
   "name": "pokego.tidus1111@gmail.com",
   "nick_name": "",
   "path_mode": "linear",
   "description": "meguro",
   "path": [
     { "pos": "35.649532, 139.692559" },
     { "pos": "35.645929, 139.698589" },
     { "pos": "35.644349, 139.700541" },
     { "pos": "35.643793, 139.700968" },
     { "pos": "35.643544, 139.701419" },
     { "pos": "35.642297, 139.701999" },
     { "pos": "35.641236, 139.702748" },
     { "pos": "35.636683, 139.707723" },
     { "pos": "35.633792, 139.710824" },
     { "pos": "35.632279, 139.712253" },
     { "pos": "35.628231, 139.715240" },
     { "pos": "35.625304, 139.721675" }
   ]
 },
 {
   "index": 2,
   "name": "def",
   "nick_name": "",
   "path_mode": "loop",
   "description": "somewhere",
   "path": [
     { "pos": "lat,lon" },
     { "pos": "lat,lon" }
   ]
 }
]